Barcode	Sample_name_WGS	HLA-A allele 1	HLA-A allele 2	HLA-B allele 1	HLA-B allele 2	HLA-C allele 1	HLA-C allele 2
3855000011653	a1255_WGS_1_A1	A*02:01	A*24:02	B*44:05	B*51:01	C*02:02	C*16:01
3855000011934	a1255_WGS_1_A2	A*01:01	A*30:01	B*08:01	B*13:02	C*06:02	C*07:01
3855000013144	a1255_WGS_1_A3	A*01:01	A*32:01	B*35:01	B*51:01	C*02:02	C*07:01
3855000012503	a1255_WGS_1_A4	A*24:02	A*68:01	B*35:08	B*44:02	C*04:01	C*07:04
3855000011720	a1255_WGS_1_A5	A*02:01	A*11:01	B*18:03	B*44:02	C*07:01	C*07:04
3855000011702	a1255_WGS_1_A6	A*26:01	A*25:04	B*35:03	B*51:01	C*05:01	C*12:03
3855000012214	a1255_WGS_1_A7	A*03:01	A*11:01	B*51:01	B*52:01	C*12:02	C*15:02
3855000014586	a1255_WGS_1_A8	A*01:01	A*03:01	B*08:01	B*47:01	C*06:02	C*07:01
3855000014058	a1255_WGS_1_A9	A*02:01	A*24:02	B*18:01	B*35:02	C*04:01	C*05:01
3855000012348	a1255_WGS_1_A10	A*02:01	A*02:01	B*15:01	B*37:01	C*03:03	C*06:02
3855000013828	a1255_WGS_1_A11	A*01:01	A*32:01	B*08:01	B*08:01	C*07:01	C*07:01
3855000012313	a1255_WGS_1_A12	A*02:01	A*68:01	B*35:01	B*44:02	C*04:01	C*07:04
3855000012055	a1255_WGS_1_B1	A*02:01	A*33:01	B*14:02	B*50:01	C*08:02	C*06:02
3855000012612	a1255_WGS_1_B2	A*03:01	A*26:01	B*35:01	B*38:01	C*04:01	C*12:03
3855000013200	a1255_WGS_1_B3	A*03:01	A*24:02	B*35:01	B*35:08	C*04:01	C*04:01
3855000012934	a1255_WGS_1_B4	A*02:01	A*24:02	B*51:09	B*52:01	C*12:02	C*15:02
3855000011799	a1255_WGS_1_B5	A*02:01	A*32:01	B*15:01	B*27:05	C*02:02	C*03:03
3855000011793	a1255_WGS_1_B6	A*02:01	A*26:01	B*07:02	B*38:01	C*12:03	C*07:02
3855000012434	a1255_WGS_1_B7	A*01:01	A*24:02	B*15:09	B*51:01	C*02:02	C*07:04
3855000011613	a1255_WGS_1_B8	A*01:01	A*01:01	B*15:17	B*40:02	C*02:02	C*07:01
3855000014061	a1255_WGS_1_B9	A*02:01	A*29:02	B*44:03	B*51:01	C*15:02	C*16:01
3855000013477	a1255_WGS_1_B10	A*02:01	A*03:01	B*39:01	B*51:08	C*12:03	C*16:02
3855000012962	a1255_WGS_1_B12	A*03:01	A*25:01	B*18:01	B*35:01	C*04:01	C*12:03
3855000013620	a1255_WGS_1_C1	A*02:01	A*23:01	B*39:01	B*44:03	C*04:01	C*12:03
3855000012926	a1255_WGS_1_C2	A*26:01	A*30:01	B*13:02	B*50:01	C*06:02	C*06:02
3855000013348	a1255_WGS_1_C3	A*02:01	A*24:02	B*35:02	B*44:02	C*04:01	C*05:01
3855000011683	a1255_WGS_1_C4	A*02:01	A*24:02	B*18:01	B*51:01	C*01:02	C*12:03
3855000012644	a1255_WGS_1_C5	A*02:01	A*02:17	B*41:01	B*18:01	C*07:01	C*17:01
3855000011805	a1255_WGS_1_C6	A*11:01	A*32:01	B*44:02	B*57:01	C*05:01	C*06:02
3855000012988	a1255_WGS_1_C7	A*02:01	A*03:01	B*08:01	B*35:01	C*04:01	C*07:01
3855000011651	a1255_WGS_1_C8	A*24:02	A*26:01	B*18:01	B*38:01	C*05:01	C*12:03
3855000011732	a1255_WGS_1_C9	A*01:01	A*24:02	B*18:01	B*35:02	C*03:03	C*07:04
3855000013496	a1255_WGS_1_C10	A*01:01	A*24:02	B*35:01	B*38:01	C*04:01	C*12:03
3855000011743	a1255_WGS_1_C11	A*23:01	A*68:01	B*35:02	B*49:01	C*04:01	C*12:03
3855000013112	a1255_WGS_1_C12	A*29:01	A*32:01	B*56:01	B*18:01	C*01:02	C*07:01
3855000013686	a1255_WGS_1_D1	A*03:01	A*24:02	B*07:02	B*40:02	C*02:02	C*07:02
3855000013433	a1255_WGS_1_D2	A*24:02	A*24:02	B*57:01	B*18:01	C*06:02	C*12:03
3855000013882	a1255_WGS_1_D3	A*02:01	A*11:01	B*51:08	B*57:01	C*06:02	C*16:02
3855000011826	a1255_WGS_1_D4	A*01:01	A*01:01	B*51:03	B*52:01	C*12:02	C*15:02
3855000011813	a1255_WGS_1_D5	A*11:01	A*31:01	B*52:01	B*55:01	C*03:04	C*12:02
3855000011834	a1255_WGS_1_D6	A*02:01	A*29:02	B*44:03	B*51:01	C*05:01	C*16:01
3855000013246	a1255_WGS_1_D7	A*01:01	A*24:02	B*08:01	B*44:02	C*07:01	C*07:01
3855000012685	a1255_WGS_1_D8	A*02:01	A*02:01	B*51:01	B*51:01	C*02:02	C*16:02
3855000011775	a1255_WGS_1_D9	A*02:01	A*03:01	B*07:02	B*56:01	C*01:02	C*07:02
3855000013498	a1255_WGS_1_D10	A*24:02	A*68:01	B*18:01	B*52:01	C*05:01	C*12:02
3855000011770	a1255_WGS_1_D11	A*01:01	A*32:01	B*08:01	B*51:01	C*02:02	C*07:01
3855000013770	a1255_WGS_1_D12	A*02:01	A*02:01	B*44:02	B*51:08	C*05:01	C*16:02
3855000013796	a1255_WGS_1_E1	A*11:01	A*32:01	B*18:01	B*51:01	C*07:01	C*16:02
3855000013479	a1255_WGS_1_E2	A*26:01	A*32:01	B*08:01	B*18:01	C*02:02	C*07:02
3855000014443	a1255_WGS_1_E3	A*24:02	A*24:02	B*15:01	B*40:01	C*03:03	C*03:04
3855000013102	a1255_WGS_1_E4	A*01:01	A*68:01	B*08:01	B*35:03	C*04:01	C*07:01
3855000012452	a1255_WGS_1_E5	A*02:01	A*29:02	B*44:03	B*50:01	C*16:01	C*06:02
3855000012108	a1255_WGS_1_E6	A*29:02	A*26:15	B*38:01	B*44:03	C*12:03	C*16:01
3855000013310	a1255_WGS_1_E7	A*24:02	A*24:02	B*35:03	B*39:01	C*12:03	C*12:03
3855000012748	a1255_WGS_1_E8	A*02:01	A*26:01	B*07:02	B*44:02	C*07:02	C*07:04
3855000011864	a1255_WGS_1_E9	A*29:01	A*32:01	B*35:02	B*39:01	C*04:01	C*12:03
3855000013582	a1255_WGS_1_E10	A*02:01	A*23:01	B*44:03	B*57:01	C*04:01	C*06:02
3855000011891	a1255_WGS_1_E11	A*01:01	A*23:01	B*35:01	B*49:01	C*04:01	C*07:01
3855000014482	a1255_WGS_1_E12	A*01:01	A*03:01	B*35:02	B*47:01	C*04:01	C*06:02
3855000013916	a1255_WGS_1_F1	A*01:01	A*25:01	B*08:01	B*39:01	C*07:01	C*12:03
3855000013540	a1255_WGS_1_F2	A*31:01	A*66:01	B*15:01	B*39:01	C*03:03	C*12:03
3855000014559	a1255_WGS_1_F3	A*23:01	A*25:01	B*35:03	B*49:01	C*07:01	C*12:03
3855000013884	a1255_WGS_1_F4	A*01:01	A*29:02	B*44:03	B*57:01	C*06:02	C*16:01
3855000013330	a1255_WGS_1_F5	A*02:01	A*26:01	B*50:01	B*51:01	C*05:01	C*06:02
3855000012687	a1255_WGS_1_F6	A*03:01	A*30:02	B*18:01	B*35:01	C*04:01	C*05:01
3855000013652	a1255_WGS_1_F7	A*03:02	A*24:02	B*35:03	B*51:01	C*04:01	C*15:06
3855000012963	a1255_WGS_1_F8	A*23:01	A*26:08	B*27:05	B*35:01	C*04:01	C*04:01
3855000011882	a1255_WGS_1_F9	A*23:01	A*26:08	B*27:05	B*35:01	C*04:01	C*04:01
3855000013617	a1255_WGS_1_F10	A*02:01	A*03:01	B*18:01	B*57:01	C*06:02	C*07:01
3855000012007	a1255_WGS_1_F11	A*01:01	A*24:02	B*35:02	B*51:01	C*01:02	C*04:01
3855000014486	a1255_WGS_1_F12	A*01:01	A*01:01	B*08:01	B*35:02	C*04:01	C*07:01
3855000011655	a1255_WGS_1_G1	A*11:01	A*23:01	B*49:01	B*57:01	C*07:01	C*07:01
3855000013754	a1255_WGS_1_G2	A*01:01	A*31:01	B*38:01	B*39:01	C*06:02	C*12:03
3855000011721	a1255_WGS_1_G3	A*02:01	A*24:02	B*51:01	B*52:01	C*02:02	C*12:02
3855000014014	a1255_WGS_1_G4	A*01:01	A*02:01	B*37:01	B*52:01	C*06:02	C*12:02
3855000014052	a1255_WGS_1_G5	A*01:02	A*24:02	B*35:01	B*49:01	C*04:01	C*07:01
3855000013085	a1255_WGS_1_G6	A*24:02	A*29:02	B*07:02	B*58:01	C*03:02	C*07:02
3855000013655	a1255_WGS_1_G7	A*02:01	A*24:02	B*35:03	B*56:01	C*01:02	C*04:01
3855000012996	a1255_WGS_1_G8	A*02:01	A*31:01	B*35:01	B*44:02	C*04:01	C*07:04
3855000012107	a1255_WGS_1_G9	A*02:01	A*24:02	B*07:02	B*50:01	C*07:02	C*06:02
3855000013624	a1255_WGS_1_G10	A*03:01	A*24:02	B*35:02	B*49:01	C*04:01	C*07:01
3855000012090	a1255_WGS_1_G11	A*02:01	A*30:02	B*18:01	B*51:01	C*05:01	C*16:01
3855000011607	a1255_WGS_1_G12	A*02:01	A*24:02	B*35:03	B*40:01	C*03:04	C*06:02
3855000011667	a1255_WGS_1_H1	A*01:01	A*32:01	B*08:01	B*55:01	C*03:03	C*07:01
3855000014604	a1255_WGS_1_H2	A*24:02	A*26:01	B*08:01	B*52:01	C*07:01	C*12:02
3855000012444	a1255_WGS_1_H3	A*02:01	A*03:01	B*35:03	B*51:01	C*04:01	C*14:02
3855000011708	a1255_WGS_1_H4	A*02:01	A*11:01	B*52:01	B*52:01	C*12:02	C*12:02
3855000014408	a1255_WGS_1_H5	A*01:01	A*02:01	B*08:01	B*18:01	C*07:01	C*07:01
3855000014257	a1255_WGS_1_H6	A*01:01	A*32:01	B*08:01	B*51:01	C*07:01	C*05:01
3855000013825	a1255_WGS_1_H7	A*01:01	A*32:01	B*08:01	B*08:01	C*07:01	C*07:01
3855000013976	a1255_WGS_1_H8	A*26:01	A*29:02	B*08:01	B*49:01	C*07:01	C*07:01
3855000012182	a1255_WGS_1_H9	A*01:01	A*23:01	B*35:02	B*40:01	C*04:01	C*04:01
3855000013709	a1255_WGS_1_H10	A*01:01	A*03:02	B*08:01	B*51:01	C*07:01	C*15:06
3855000012148	a1255_WGS_1_H11	A*24:02	A*24:02	B*18:01	B*35:01	C*12:02	C*12:02
3855000013142	a1255_WGS_1_H12	A*01:01	A*32:01	B*35:01	B*51:01	C*02:02	C*07:01
3855000013414	a1255_WGS_2_A1	A*23:01	A*23:01	B*18:01	B*18:01	C*06:02	C*06:02
3855000011728	a1255_WGS_2_A2	A*02:01	A*02:01	B*44:02	B*50:01	C*06:02	C*07:04
3855000011807	a1255_WGS_2_A3	A*02:01	A*32:01	B*40:02	B*57:01	C*02:02	C*06:02
3855000013564	a1255_WGS_2_B1	A*01:01	A*32:01	B*08:01	B*18:01	C*07:01	C*07:01
3855000012347	a1255_WGS_2_B2	A*03:01	A*24:02	B*35:02	B*35:03	C*04:01	C*04:01
3855000011819	a1255_WGS_2_B3	A*03:01	A*32:01	B*07:02	B*27:09	C*01:02	C*07:02
3855000013951	a1255_WGS_2_C1	A*02:01	A*02:01	B*08:01	B*44:05	C*02:02	C*15:02
3855000012886	a1255_WGS_2_C2	A*24:02	A*30:01	B*13:02	B*35:03	C*04:01	C*06:02
3855000012204	a1255_WGS_2_C3	A*25:01	A*29:02	B*44:02	B*44:03	C*16:01	C*05:01
3855000011810	a1255_WGS_2_D1	A*02:01	A*02:01	B*51:01	B*73:01	C*02:02	C*15:05
3855000012322	a1255_WGS_2_D3	A*02:01	A*30:01	B*13:02	B*51:01	C*06:02	C*07:01
3855000011986	a1255_WGS_2_E1	A*03:01	A*11:01	B*44:03	B*57:01	C*04:01	C*06:02
3855000013760	a1255_WGS_2_E2	A*01:01	A*31:01	B*15:17	B*55:01	C*03:04	C*07:01
3855000012979	a1255_WGS_2_E3	A*01:01	A*29:02	B*08:01	B*44:03	C*07:01	C*16:01
3855000012639	a1255_WGS_2_F1	A*02:01	A*26:01	B*38:01	B*38:01	C*12:03	C*12:03
3855000013764	a1255_WGS_2_F2	A*02:01	A*03:01	B*07:02	B*18:01	C*07:01	C*07:02
3855000013317	a1255_WGS_2_F3	A*01:01	A*32:01	B*08:01	B*51:01	C*02:02	C*07:01
3855000013799	a1255_WGS_2_G1	A*11:01	A*24:02	B*35:01	B*35:01	C*04:01	C*04:01
3855000013774	a1255_WGS_2_G2	A*02:01	A*03:01	B*07:02	B*51:08	C*16:02	C*07:02
3855000014377	a1255_WGS_2_G3	A*01:01	A*25:01	B*08:01	B*35:01	C*04:01	C*07:01
3855000014151	a1255_WGS_2_H1	A*02:01	A*11:01	B*44:02	B*57:01	C*05:01	C*06:02
3855000013862	a1255_WGS_2_H2	A*02:01	A*25:01	B*39:01	B*44:02	C*05:01	C*12:03
3855000011658	a1255_WGS_15_B12	A*02:01	A*29:01	B*18:01	B*38:01	C*07:01	C*12:03
3855000012042	a1255_WGS_15_C12	A*01:01	A*32:01	B*08:01	B*57:01	C*06:02	C*07:01
3855000013059	a1255_WGS_15_D12	A*02:01	A*03:01	B*07:02	B*45:01	C*06:02	C*07:02
3855000014406	a1255_WGS_15_H1	A*03:01	A*26:08	B*27:05	B*35:01	C*04:01	C*04:01
3855000013635	a1255_WGS_15_A2	A*11:01	A*30:01	B*13:02	B*47:01	C*06:02	C*06:02
3855000012523	a1255_WGS_15_B2	A*01:01	A*24:02	B*18:01	B*37:01	C*06:02	C*12:03
3855000012873	a1255_WGS_15_C2	A*01:01	A*02:01	B*08:01	B*50:01	C*06:02	C*07:01
3855000012339	a1255_WGS_15_D2	A*11:01	A*24:02	B*15:09	B*56:01	C*01:02	C*07:04
3855000013949	a1255_WGS_15_E2	A*02:01	A*02:01	B*08:01	B*44:05	C*02:02	C*15:02
3855000014158	a1255_WGS_15_F2	A*02:01	A*26:01	B*18:01	B*35:02	C*01:02	C*04:01
3855000011718	a1255_WGS_15_A3	A*02:01	A*26:01	B*18:01	B*51:01	C*12:03	C*14:02
3855000014260	a1255_WGS_15_E11	A*01:01	A*31:01	B*07:05	B*14:01	C*08:02	C*15:05
3855000012985	a1255_WGS_15_F11	A*23:01	A*24:02	B*14:02	B*35:02	C*04:01	C*08:02
3855000014381	a1255_WGS_15_G11	A*01:01	A*02:01	B*08:01	B*44:03	C*07:06	C*07:19
3855000014054	a1255_WGS_15_H11	A*23:01	A*68:01	B*44:02	B*49:01	C*07:01	C*07:04
3855000013434	a1255_WGS_15_A12	A*02:01	A*68:01	B*18:01	B*44:02	C*05:01	C*07:04
3855000013606	a1255_WGS_15_B4	A*02:14	A*33:01	B*15:03	B*35:01	C*04:01	C*04:01
3855000013118	a1255_WGS_15_C4	A*02:01	A*31:01	B*08:01	B*55:01	C*03:04	C*15:02
3855000013522	a1255_WGS_15_B5	A*03:01	A*30:01	B*13:02	B*51:01	C*01:02	C*06:02
3855000013342	a1255_WGS_15_D4	A*24:02	A*68:01	B*35:01	B*51:01	C*04:01	C*15:02
3855000011832	a1255_WGS_15_E4	A*29:02	A*68:01	B*44:03	B*40:27	C*03:04	C*16:01
3855000014431	a1255_WGS_15_C3	A*01:01	A*02:01	B*18:01	B*35:01	C*04:01	C*07:01
3855000011836	a1255_WGS_15_D3	A*02:01	A*11:01	B*15:01	B*50:01	C*03:03	C*06:02
3855000013148	a1255_WGS_15_E3	A*01:01	A*23:01	B*35:01	B*49:01	C*07:01	C*07:01
3855000013729	a1255_WGS_15_F3	A*30:02	A*68:01	B*18:01	B*44:02	C*05:01	C*07:04
3855000012267	a1255_WGS_15_A7	A*01:01	A*02:01	B*57:01	B*44:02	C*06:02	C*07:04
3855000013601	a1255_WGS_15_B7	A*02:01	A*24:02	B*35:08	B*44:02	C*04:01	C*05:01
3855000013679	a1255_WGS_15_C7	A*01:01	A*24:02	B*37:01	B*40:01	C*03:04	C*06:02
3855000013890	a1255_WGS_15_D7	A*26:01	A*31:01	B*27:05	B*51:01	C*02:02	C*15:04
3855000011809	a1255_WGS_15_E7	A*02:01	A*32:01	B*27:09	B*39:01	C*01:02	C*12:03
3855000014236	a1255_WGS_15_F7	A*02:01	A*29:02	B*07:02	B*18:01	C*07:01	C*07:02
3855000013647	a1255_WGS_15_G7	A*24:02	A*26:01	B*38:01	B*39:01	C*12:03	C*12:03
3855000013710	a1255_WGS_15_G5	A*03:02	A*24:02	B*35:02	B*51:01	C*04:01	C*15:06
3855000011773	a1255_WGS_15_H5	A*03:01	A*32:01	B*14:01	B*35:01	C*04:01	C*08:02
3855000014169	a1255_WGS_15_A6	A*01:01	A*26:01	B*38:01	B*51:01	C*01:02	C*12:03
3855000012383	a1255_WGS_15_B6	A*24:02	A*26:01	B*18:01	B*40:02	C*02:02	C*05:01
3855000013977	a1255_WGS_15_C6	A*23:01	A*32:01	B*18:01	B*49:01	C*02:02	C*07:01
3855000011772	a1255_WGS_15_D6	A*01:01	A*24:02	B*08:01	B*49:01	C*07:01	C*07:01
3855000013728	a1255_WGS_15_E6	A*24:02	A*68:01	B*15:01	B*44:02	C*03:03	C*07:04
3855000014018	a1255_WGS_15_D10	A*24:02	A*26:01	B*35:02	B*55:01	C*03:03	C*04:01
3855000011722	a1255_WGS_15_E10	A*02:01	A*25:01	B*18:01	B*51:01	C*01:02	C*05:01
3855000013861	a1255_WGS_15_F10	A*02:01	A*03:01	B*07:02	B*52:01	C*12:02	C*07:02
3855000014293	a1255_WGS_15_G10	A*26:01	A*30:01	B*07:02	B*27:05	C*02:02	C*07:02
3855000013630	a1255_WGS_15_H10	A*02:01	A*32:01	B*18:01	B*40:02	C*02:02	C*07:01
3855000012006	a1255_WGS_15_A11	A*24:02	A*29:01	B*35:01	B*35:02	C*04:01	C*04:01
3855000013956	a1255_WGS_15_B11	A*02:01	A*02:01	B*18:01	B*44:05	C*02:02	C*05:01
3855000012312	a1255_WGS_15_C11	A*33:01	A*03:01	B*14:02	B*51:01	C*01:02	C*08:02
3855000014147	a1255_WGS_15_F12	A*01:01	A*23:01	B*15:17	B*44:03	C*04:01	C*07:01
3855000012984	a1255_WGS_15_G12	A*02:01	A*32:01	B*35:32	B*39:24	C*04:01	C*07:01
3855000012368	a1255_WGS_15_H12	A*01:01	A*24:02	B*08:01	B*35:01	C*04:01	C*07:01
3855000012977	a1255_WGS_15_A1	A*11:01	A*26:15	B*38:01	B*44:03	C*12:03	C*16:01
3855000013485	a1255_WGS_15_B1	A*03:01	A*23:01	B*35:01	B*35:03	C*04:01	C*04:01
3855000013902	a1255_WGS_15_C1	A*01:01	A*01:01	B*08:01	B*08:01	C*07:01	C*07:01
3855000011896	a1255_WGS_15_D1	A*24:02	A*33:01	B*14:02	B*40:01	C*03:04	C*08:02
3855000014357	a1255_WGS_15_E1	A*24:02	A*33:01	B*35:03	B*51:01	C*02:02	C*04:01
3855000013730	a1255_WGS_15_G1	A*02:01	A*30:02	B*18:01	B*44:05	C*02:02	C*05:01
3855000012874	a1255_WGS_15_F1	A*02:01	A*24:02	B*18:01	B*51:01	C*01:02	C*12:03
3855000014287	a1255_WGS_15_B8	A*29:02	A*31:01	B*44:03	B*55:01	C*03:03	C*16:01
3855000013214	a1255_WGS_15_C8	A*03:01	A*23:01	B*07:05	B*35:01	C*04:01	C*15:05
3855000013299	a1255_WGS_15_D8	A*01:01	A*02:01	B*13:02	B*35:01	C*04:01	C*06:02
3855000013913	a1255_WGS_15_E8	A*01:01	A*26:15	B*08:01	B*38:01	C*07:01	C*12:03
3855000013910	a1255_WGS_15_F8	A*24:02	A*24:02	B*35:01	B*35:02	C*04:01	C*04:01
3855000013867	a1255_WGS_15_G8	A*30:02	A*33:01	B*18:01	B*35:01	C*04:01	C*05:01
3855000013567	a1255_WGS_15_H8	A*02:01	A*30:01	B*13:02	B*56:01	C*01:02	C*06:02
3855000014214	a1255_WGS_15_A9	A*03:01	A*11:01	B*15:01	B*51:01	C*03:03	C*15:02
3855000011824	a1255_WGS_15_B9	A*11:01	A*68:01	B*35:01	B*57:01	C*04:01	C*06:02
3855000014549	a1255_WGS_15_C5	A*02:01	A*31:01	B*08:01	B*55:01	C*03:04	C*15:02
3855000013802	a1255_WGS_15_E5	A*02:01	A*11:01	B*57:01	B*18:01	C*06:02	C*07:01
3855000013566	a1255_WGS_15_F5	A*01:01	A*29:01	B*08:01	B*18:01	C*07:01	C*07:01
3855000014465	a1255_WGS_15_D9	A*02:01	A*11:01	B*35:01	B*57:01	C*06:02	C*04:01
3855000013115	a1255_WGS_15_E9	A*02:01	A*11:01	B*35:01	B*56:01	C*01:02	C*04:01
3855000012921	a1255_WGS_15_F9	A*23:01	A*30:02	B*35:01	B*41:01	C*04:01	C*17:01
3855000013123	a1255_WGS_15_G9	A*01:01	A*24:02	B*37:01	B*40:02	C*02:02	C*06:02
3855000012150	a1255_WGS_15_H9	A*01:01	A*03:01	B*07:02	B*52:01	C*12:02	C*07:02
3855000011725	a1255_WGS_16_C6	A*02:01	A*02:01	B*50:01	B*18:01	C*07:01	C*06:02
3855000014320	a1255_WGS_16_D6	A*02:01	A*68:01	B*35:02	B*51:01	C*04:01	C*15:02
3855000011690	a1255_WGS_16_E6	A*02:01	A*33:01	B*14:02	B*51:01	C*07:01	C*08:02
3855000014365	a1255_WGS_16_F6	A*03:01	A*03:01	B*18:03	B*47:01	C*06:02	C*15:02
3855000013305	a1255_WGS_16_G6	A*11:01	A*32:01	B*15:01	B*51:01	C*03:03	C*15:02
3855000013413	a1255_WGS_16_H6	A*02:01	A*02:01	B*51:01	B*58:01	C*07:01	C*14:02
3855000012683	a1255_WGS_16_A7	A*03:02	A*24:02	B*35:01	B*35:01	C*04:01	C*04:01
3855000013577	a1255_WGS_16_B7	A*02:01	A*02:01	B*39:01	B*57:01	C*06:02	C*12:03
3855000014162	a1255_WGS_16_C7	A*01:01	A*68:01	B*15:01	B*51:01	C*03:03	C*15:02
3855000013273	a1255_WGS_16_D7	A*03:01	A*03:01	B*35:02	B*47:01	C*04:01	C*06:02
3855000014277	a1255_WGS_16_E7	A*03:01	A*68:01	B*35:01	B*49:01	C*04:01	C*12:03
3855000013924	a1255_WGS_16_F7	A*02:01	A*32:01	B*35:08	B*55:01	C*03:03	C*04:01
3855000013622	a1255_WGS_16_G7	A*24:02	A*24:02	B*35:02	B*18:01	C*01:02	C*04:01
3855000014285	a1255_WGS_16_H7	A*24:02	A*29:02	B*14:01	B*44:03	C*08:02	C*16:01
3855000011829	a1255_WGS_16_A8	A*01:01	A*24:02	B*08:01	B*15:01	C*03:03	C*07:01
3855000014050	a1255_WGS_16_B8	A*03:01	A*11:01	B*35:01	B*51:05	C*04:01	C*04:01
3855000011730	a1255_WGS_16_C8	A*02:01	A*03:01	B*18:01	B*18:01	C*07:01	C*12:05
3855000011727	a1255_WGS_16_D8	A*02:01	A*03:01	B*18:01	B*44:02	C*07:04	C*12:05
3855000014033	a1255_WGS_16_E8	A*02:01	A*24:02	B*35:01	B*49:01	C*04:01	C*07:01
3855000014326	a1255_WGS_16_F8	A*01:01	A*25:01	B*08:01	B*57:01	C*06:02	C*07:01
3855000014335	a1255_WGS_16_G8	A*03:01	A*29:02	B*07:02	B*49:01	C*07:01	C*07:02
3855000013313	a1255_WGS_16_H8	A*02:01	A*24:02	B*35:02	B*40:01	C*03:04	C*04:01
3855000011610	a1255_WGS_16_D3	A*01:01	A*24:02	B*40:02	B*49:01	C*02:02	C*07:01
3855000014098	a1255_WGS_16_E3	A*02:01	A*03:01	B*35:03	B*51:01	C*04:01	C*15:02
3855000012283	a1255_WGS_16_F3	A*01:01	A*24:02	B*15:17	B*49:01	C*07:01	C*07:01
3855000013539	a1255_WGS_16_G3	A*02:01	A*02:01	B*27:05	B*51:01	C*01:02	C*15:02
3855000013609	a1255_WGS_16_H3	A*03:01	A*24:02	B*07:02	B*35:08	C*04:01	C*07:02
3855000013885	a1255_WGS_16_A4	A*02:01	A*26:01	B*18:01	B*35:02	C*01:02	C*04:01
3855000013881	a1255_WGS_16_B4	A*24:02	A*26:01	B*35:02	B*55:01	C*03:03	C*04:01
3855000013922	a1255_WGS_16_C4	A*03:01	A*23:01	B*07:02	B*44:03	C*04:01	C*07:02
3855000013923	a1255_WGS_16_D4	A*02:01	A*03:01	B*07:02	B*55:01	C*03:03	C*07:02
3855000014409	a1255_WGS_16_E4	A*01:01	A*02:01	B*08:01	B*18:01	C*07:01	C*07:01
3855000012448	a1255_WGS_16_F4	A*02:01	A*24:02	B*18:01	B*52:01	C*07:01	C*12:02
3855000011798	a1255_WGS_16_G4	A*03:01	A*31:01	B*44:02	B*55:01	C*03:04	C*07:04
3855000013645	a1255_WGS_16_H4	A*01:01	A*03:01	B*08:01	B*47:01	C*06:02	C*07:01
3855000014319	a1255_WGS_16_A5	A*02:01	A*26:01	B*38:01	B*40:01	C*03:04	C*12:03
3855000011857	a1255_WGS_16_A1	A*01:01	A*32:01	B*08:01	B*14:01	C*07:01	C*08:02
3855000013581	a1255_WGS_16_B1	A*01:01	A*03:01	B*35:01	B*52:01	C*04:01	C*12:02
3855000012166	a1255_WGS_16_C1	A*23:01	A*32:01	B*35:08	B*44:03	C*04:01	C*04:01
3855000014345	a1255_WGS_16_D1	A*24:02	A*68:01	B*18:01	B*35:03	C*04:01	C*05:01
3855000012376	a1255_WGS_16_F1	A*01:01	A*03:01	B*27:02	B*52:01	C*12:02	C*15:02
3855000013490	a1255_WGS_16_G1	A*03:01	A*24:02	B*07:05	B*35:08	C*04:01	C*15:05
3855000014292	a1255_WGS_16_H1	A*02:01	A*31:01	B*51:01	B*55:01	C*03:03	C*15:02
3855000012385	a1255_WGS_16_A2	A*01:01	A*32:01	B*37:01	B*51:01	C*06:02	C*07:04
3855000014062	a1255_WGS_16_E5	A*01:01	A*24:02	B*07:02	B*27:04	C*15:02	C*07:02
3855000014397	a1255_WGS_16_F5	A*01:01	A*25:01	B*27:05	B*57:01	C*02:02	C*06:02
3855000012321	a1255_WGS_16_G5	A*11:01	A*32:01	B*18:03	B*44:02	C*07:01	C*07:04
3855000012622	a1255_WGS_16_H5	A*02:01	A*02:01	B*38:01	B*40:02	C*02:02	C*12:03
3855000014458	a1255_WGS_16_A6	A*01:01	A*02:01	B*15:01	B*35:02	C*03:03	C*04:01
3855000014358	a1255_WGS_16_C2	A*03:01	A*24:02	B*18:01	B*55:01	C*03:03	C*07:01
3855000011992	a1255_WGS_16_D2	A*03:01	A*26:01	B*35:03	B*51:01	C*04:01	C*05:01
3855000012447	a1255_WGS_16_E2	A*02:01	A*02:01	B*51:01	B*51:01	C*02:02	C*15:02
3855000012052	a1255_WGS_16_F2	A*11:01	A*24:02	B*15:01	B*35:01	C*03:03	C*04:01
3855000012648	a1255_WGS_16_G2	A*02:01	A*03:01	B*35:01	B*40:02	C*02:02	C*04:01
3855000012081	a1255_WGS_16_H2	A*24:02	A*24:02	B*35:01	B*35:02	C*04:01	C*04:01
3855000013420	a1255_WGS_16_A3	A*02:01	A*24:02	B*51:01	B*57:01	C*06:02	C*07:01
3855000011627	a1255_WGS_16_B3	A*02:01	A*23:01	B*18:01	B*51:07	C*05:01	C*14:02
3855000013636	a1255_WGS_16_A9	A*02:01	A*29:02	B*51:01	B*52:01	C*14:02	C*16:01
3855000013069	a1255_WGS_16_B9	A*02:01	A*03:01	B*27:05	B*39:01	C*02:02	C*12:03
3855000012365	a1255_WGS_16_C9	A*01:01	A*24:02	B*07:02	B*39:01	C*12:03	C*07:02
3855000013953	a1255_WGS_16_D9	A*02:01	A*02:01	B*08:01	B*18:01	C*05:01	C*15:02
3855000013864	a1255_WGS_16_E9	A*02:01	A*02:01	B*18:01	B*38:01	C*07:01	C*12:03
3855000012964	a1255_WGS_16_F9	A*02:01	A*24:02	B*18:01	B*18:01	C*07:01	C*15:02
3855000013815	a1255_WGS_16_G9	A*03:01	A*24:02	B*35:01	B*35:01	C*04:01	C*04:01
3855000012818	a1255_WGS_16_H9	A*24:02	A*68:01	B*35:03	B*18:01	C*03:04	C*06:02
3855000012102	a1255_WGS_16_A10	A*24:02	A*30:02	B*15:01	B*18:01	C*03:03	C*05:01
3855000014263	a1255_WGS_16_B10	A*01:01	A*03:01	B*15:17	B*44:02	C*07:01	C*07:04
3855000013651	a1255_WGS_16_C10	A*02:01	A*11:01	B*18:01	B*57:01	C*07:01	C*12:03
3855000012615	a1255_WGS_16_D10	A*03:01	A*32:01	B*35:01	B*40:02	C*02:02	C*03:04
3855000013613	a1255_WGS_16_E10	A*02:01	A*02:01	B*44:02	B*51:08	C*16:02	C*05:01
3855000014379	a1255_WGS_16_G10	A*01:01	A*01:01	B*08:01	B*15:01	C*03:03	C*07:01
3855000013762	a1255_WGS_16_H10	A*03:01	A*03:01	B*07:02	B*44:02	C*07:02	C*07:04
3855000013302	a1255_WGS_16_A11	A*24:02	A*32:01	B*15:01	B*18:01	C*03:03	C*05:01
3855000013940	a1255_WGS_16_B11	A*01:01	A*02:01	B*15:01	B*44:02	C*03:03	C*05:01
3855000013603	a1255_WGS_16_C11	A*02:01	A*03:01	B*07:02	B*51:08	C*16:02	C*07:02
3855000013164	a1255_WGS_31_A1	A*02:01	A*32:01	B*35:03	B*18:01	C*04:01	C*07:01
3855000012088	a1255_WGS_31_B1	A*32:01	A*33:01	B*14:02	B*51:01	C*02:02	C*08:02
3855000011713	a1255_WGS_31_C1	A*01:01	A*02:01	B*37:01	B*52:01	C*06:02	C*12:02
3855000014484	a1255_WGS_31_D1	A*03:01	A*24:02	B*44:02	B*47:01	C*06:02	C*07:01
3855000014427	a1255_WGS_31_E1	A*02:01	A*11:01	B*15:01	B*51:01	C*02:02	C*03:03
3855000013534	a1255_WGS_31_F1	A*02:17	A*24:02	B*15:17	B*18:01	C*05:01	C*07:01
3855000011827	a1255_WGS_31_G1	A*01:01	A*01:01	B*08:01	B*52:01	C*07:01	C*12:02
3855000011835	a1255_WGS_31_H1	A*24:02	A*26:01	B*38:01	B*38:01	C*12:03	C*12:03
3855000011715	a1255_WGS_31_A2	A*02:01	A*02:01	B*51:01	B*52:01	C*12:02	C*14:02
3855000013406	a1255_WGS_31_B2	A*02:01	A*24:02	B*35:01	B*35:03	C*04:01	C*04:01
3855000014375	a1255_WGS_31_C2	A*02:01	A*03:01	B*35:01	B*18:01	C*04:01	C*07:01
3855000012206	a1255_WGS_31_D2	A*03:01	A*24:02	B*35:01	B*35:02	C*04:01	C*04:01
3855000012194	a1255_WGS_31_E2	A*25:01	A*29:02	B*08:01	B*44:03	C*07:01	C*16:01
3855000012257	a1255_WGS_31_F2	A*02:01	A*26:01	B*50:01	B*51:01	C*06:02	C*05:01
3855000012684	a1255_WGS_31_G2	A*02:01	A*31:01	B*40:01	B*51:01	C*03:04	C*14:02
3855000013296	a1255_WGS_31_H2	A*11:01	A*29:01	B*18:01	B*35:01	C*07:01	C*04:01
3855000012153	a1255_WGS_31_A3	A*02:01	A*30:01	B*13:02	B*35:01	C*04:01	C*06:02
3855000013301	a1255_WGS_31_B3	A*01:01	A*11:01	B*07:02	B*51:01	C*07:01	C*15:02
3855000012258	a1255_WGS_31_C3	A*01:01	A*01:01	B*08:01	B*57:03	C*07:01	C*07:01
3855000012372	a1255_WGS_31_D3	A*02:01	A*24:02	B*13:02	B*35:02	C*04:01	C*06:02
3855000012374	a1255_WGS_31_E3	A*01:01	A*02:01	B*14:02	B*44:03	C*04:01	C*08:02
3855000014388	a1255_WGS_31_F3	A*01:01	A*24:02	B*15:01	B*35:08	C*03:03	C*04:01
3855000012238	a1255_WGS_31_G3	A*02:01	A*31:01	B*44:02	B*49:01	C*07:01	C*05:01
3855000014295	a1255_WGS_31_H3	A*01:01	A*03:01	B*15:17	B*47:01	C*06:02	C*07:01
3855000013570	a1255_WGS_31_A4merged	A*01:01	A*02:01	B*07:02	B*52:01	C*12:02	C*07:02
3855000013086	a1255_WGS_31_C4	A*03:01	A*29:02	B*35:03	B*58:01	C*03:02	C*04:01
3855000013472	a1255_WGS_31_D4	A*02:01	A*30:02	B*50:01	B*53:01	C*04:01	C*06:02
3855000014338	a1255_WGS_31_E4merged	A*24:02	A*30:01	B*13:02	B*18:01	C*06:02	C*12:03
3855000012000	a1255_WGS_31_F4	A*02:01	A*24:02	B*18:01	B*18:01	C*07:01	C*12:03
3855000012422	a1255_WGS_31_G4	A*01:01	A*02:01	B*38:01	B*38:01	C*06:02	C*12:03
